client_id,user_id,name,nip,address,phone_number,email
0,0,Kaitlin Carey,7379410971,"PSC 6162, Box 7046 APO AA 11873",+48 518 256 014,graykeith@example.com
1,1,Brian Horne,1825351681,"17571 Patty Villages Apt. 055 North Kathy, IA 2775",+48 722 941 332,debra63@example.org
2,2,Jeffrey Nelson,3387135941,"15056 Eric Landing Wendyside, ME 33816",+48 788 800 204,chapmanjoshua@example.org
3,3,John Jennings,9913797551,"7152 Lloyd Fork Maciasview, MS 24766",+48 788 038 428,harveycassandra@example.net
4,4,William Montgomery Jr.,7264497441,Unit 4319 Box 0510 DPO AE 98652,791 147 133,corey55@example.com
5,5,Patrick Golden,3274202741,"071 Hunt Locks North Stephenborough, IN 33844",574 441 995,esmith@example.net
6,6,Angela Keith,5987432521,"17972 Garcia Inlet Lake Chris, MP 94080",32 664 93 40,fanderson@example.org
7,7,Matthew Savage,8942687191,"7756 Hill Fields Apt. 388 South Melinda, AS 87536",796 313 634,christophertyler@example.net
8,8,Kimberly Sanders,6204556841,"2994 Harris Isle Suite 913 Caitlinburgh, PA 45967",+48 576 815 383,angela13@example.net
9,9,Maria Lee,6552722751,"0042 Jonathan Course Williamchester, IL 52818",+48 500 341 506,david33@example.org
10,10,James Dickerson,4136585511,"843 Nixon Forge Jensenside, PW 12953",+48 22 512 28 12,crystal15@example.org
11,11,Daniel Rojas,4530679911,"0632 Gloria Garden Garciaberg, FM 72651",533 191 209,griffinrobert@example.org
12,12,Dawn Brown,3613766891,"00118 Brandon Rapids Lake Jacob, CA 75693",+48 792 215 491,monica34@example.net
13,13,Katie Wood,7592007541,"5036 Allen Square Apt. 753 Lake Edgar, OR 74279",570 845 914,williamsjulia@example.org
14,14,Debra George,2972873671,"20706 Mcfarland Key Lopezfurt, NV 70054",+48 690 887 922,fbrown@example.net
15,15,Tracy Moore,5598662101,"55490 Juan Squares Suite 244 Coreyborough, MN 8333",886 815 461,bradley44@example.net
16,16,Ricardo Hood,3560448941,Unit 2904 Box 9761 DPO AA 58153,782 832 252,joshuashort@example.net
17,17,Amber Wallace,1465305551,"3619 Perez Hollow Suite 135 Hollyberg, TX 97656",692 026 790,shannon13@example.com
18,18,Andrew Lawrence,9232936991,"56172 Laura Forks Larsonland, MT 18289",+48 736 339 506,mathewsantos@example.org
19,19,Robert Spence,5112488041,"4412 James Brook Jenniferville, CA 38937",738 862 568,mckinneykathleen@example.net
20,20,Karen Medina,6471170721,"57524 Rodney Camp Martinezland, AR 98106",512 231 019,william04@example.net
21,21,Jessica Stanley,2441887071,"774 Malone Streets Apt. 961 Lake Robertmouth, MD 3",+48 517 286 913,susan79@example.com
22,22,Edward Johnson,5909503351,"91906 Frank Manors Patrickmouth, SD 71354",+48 510 011 133,carolgillespie@example.org
23,23,Brandon Banks,5803401671,"8676 Laura Mount Suite 223 Douglashaven, TN 12640",+48 692 977 933,frostcarla@example.net
24,24,Kenneth West,9124128821,"56241 William Ramp Mitchellshire, TX 42055",+48 731 438 741,jeremylambert@example.org
25,25,Daniel Baker,6409320961,"6265 Julie Circle Anthonyshire, AZ 52445",575 907 067,qoliver@example.com
26,26,Andrew Acosta,8991178821,"7361 Hatfield Skyway West Jeremy, IA 98657",+48 601 165 244,mariahfletcher@example.com
27,27,Victoria Allen,4583743361,"780 Kim Prairie Apt. 973 Melvinport, SC 75354",783 238 809,luissullivan@example.org
28,28,Sean Lucas,6692258101,"9473 Olson Creek East Samantha, ME 41764",22 116 30 98,qparker@example.org
29,29,Ryan Miller,6611935601,"806 Pacheco Estate Suite 525 Saraburgh, AS 30301",22 631 91 05,kimberlyjohnson@example.org
30,30,Shawn Sims,2014752541,"655 Dixon Meadows North Deborahburgh, MT 25294",+48 737 413 879,lisathomas@example.org
31,31,Jason Martin,7672390371,"43272 Ann Terrace Wendyport, RI 97329",+48 519 119 534,jeromewilson@example.org
32,32,Lauren Robinson,4905319491,Unit 4336 Box 0893 DPO AA 10398,+48 32 838 38 52,opham@example.net
33,33,Alexandra Buckley,4619577761,"51847 Davis Ferry Heathertown, OK 76793",+48 538 109 661,tfernandez@example.com
34,34,Danielle Barajas,9692413081,21343 Allison Turnpike Suite 320 Port Anthonyburgh,+48 535 017 522,frederick24@example.org
35,35,Amy Johnson,1794476671,"709 Flores Divide Loriton, GA 26738",22 526 87 60,bowenrobert@example.com
36,36,Janice Freeman,4274622521,"889 Melissa Tunnel Apt. 067 Brewerchester, MH 3000",606 111 409,dana21@example.org
37,37,Nicholas Davenport,5755791121,"663 Tony Park Lake Mikayla, CO 07874",+48 507 149 084,kpage@example.com
38,38,Christopher Bennett,2678357211,"600 Jacob Circle Suite 598 Johnsonstad, CA 56753",+48 660 688 396,marc17@example.com
39,39,Adrienne Weber,9493102711,"547 Lozano Tunnel Fisherstad, NV 17922",+48 503 423 224,gainesstacy@example.net
40,40,Charles Kramer,8539335251,"7085 Nicole Ferry Suite 384 Suzanneville, MP 12078",516 103 740,sandovaljuan@example.org
41,41,Kenneth Bright,4749328541,"19107 Whitney Plaza Apt. 717 Thomasberg, PA 28083",889 096 296,whitejustin@example.net
42,42,Willie Randall,4484957181,"16902 Watkins Heights Port Micheleshire, WY 80268",+48 780 605 417,cadkins@example.com
43,43,Jamie Hamilton,7317255051,Unit 9559 Box 7829 DPO AE 06143,537 288 395,xwells@example.net
44,44,Elizabeth Davis,2488278621,Unit 3176 Box 0287 DPO AA 22807,799 748 453,jbailey@example.org
45,45,Roger Crawford,9530480041,"51820 Debra Drive West Travis, ND 58309",+48 519 947 672,usmith@example.net
46,46,Brenda Smith,3925169101,"252 Ryan Flat Suite 360 Clarkton, FM 59144",508 284 354,burnspatricia@example.org
47,47,Kimberly Ruiz,5018258201,"61630 Shelly Course New Seth, PR 53215",726 008 764,ibates@example.org
48,48,Brittany Abbott,4106146261,"1072 Sarah Ville Apt. 131 South Elizabethside, ME ",+48 519 092 580,brownjonathan@example.org
49,49,Veronica Rubio,5253259671,"3117 Sanchez Courts Dennisfort, PR 63763",692 666 662,frankthompson@example.net
50,50,David Gordon,4167173501,"269 Coleman Crest North Michael, IN 13541",+48 606 181 782,ernest21@example.org
51,51,Mark Peters,5929393481,"3403 Marshall Burgs Suite 790 Piercehaven, MP 0919",22 850 38 38,smithstephanie@example.org
52,52,Ronald Bowers,3994162771,"3811 Chang Flat Williamsmouth, GU 04743",736 748 018,crawfordbenjamin@example.org
53,53,John Mitchell,9335909751,"3289 Berry Point Ramosmouth, OR 34293",+48 788 903 283,acole@example.net
54,54,David Barber,9399454581,"63201 Robinson Isle Suite 976 Hernandezbury, MH 83",+48 530 115 194,kellis@example.com
55,55,Lonnie Short,6202131811,"356 Roberts Alley Apt. 263 East Jenniferhaven, IL ",+48 789 168 907,dustin28@example.org
56,56,Alexander Cox,5752910601,"035 Jennifer Shores Apt. 202 Erinberg, AL 03022",+48 668 823 776,patrickcruz@example.net
57,57,Kyle Medina DVM,6925692381,"40207 Yoder Unions Suite 377 Owenshaven, AZ 41763",+48 22 520 91 16,carterstephanie@example.net
58,58,Phyllis Jackson,4823347991,"02904 Diana Prairie Apt. 671 Lake Tiffany, MO 1079",+48 22 156 27 66,garnerdouglas@example.org
59,59,Paul Harding,8787581031,"96618 Powers Locks North Kimberly, NM 20750",+48 575 228 817,amy92@example.net
60,60,Amber Robinson,3283245661,"8715 Dustin Port Suite 638 Jessicaton, WI 97101",735 232 615,joan74@example.com
61,61,Andrew Ingram,9493397331,"066 Ronald Burgs New Kayleeborough, NM 37551",578 644 166,christopher88@example.net
62,62,Nicole Floyd,4545236031,"3011 Martin Wall Apt. 708 North Matthewtown, NV 04",799 617 008,wendymata@example.org
63,63,Rhonda Conway,4078912741,"939 Steven Junctions Robertbury, MA 19194",+48 539 852 055,rebeccaarmstrong@example.org
64,64,Amy Macias,7071822081,"12737 Travis Rapids South Abigailbury, IN 59852",691 181 537,angie00@example.org
65,65,Jeremy Davis,4206975691,"67854 Christine Forge Apt. 243 Graymouth, IA 94328",+48 22 983 87 48,joanna22@example.net
66,66,Jennifer Kent,4342818771,"8887 Carrie Avenue Alexisport, NM 89662",696 458 010,duranthomas@example.com
67,67,Steven Lee,8230078561,"338 Lauren Locks New Vanessa, NV 51377",+48 510 349 002,kim60@example.com
68,68,Michael Smith,7857770521,"2455 Norton Dam Monroestad, CA 24011",723 238 867,holmespaul@example.com
69,69,Joshua Frederick,1475462681,"5274 Michael Lock East Stacy, KS 48568",+48 32 916 38 44,lrobinson@example.com
70,70,Christopher Thomas,2889229551,"00640 Freeman Isle Lake Darrell, FL 52872",791 081 348,murphywhitney@example.net
71,71,Amy Brown,5675820581,"PSC 4634, Box 9056 APO AA 92984",+48 575 293 317,howardclark@example.com
72,72,Robin Thompson,4575037271,"8559 Shari Cliffs Barbaramouth, PW 64701",22 888 45 69,stacy01@example.org
73,73,David Lara,2954282271,"1052 Fernando Row Apt. 280 Lake Whitney, GU 97675",+48 570 446 133,chelsea01@example.net
74,74,Jasmine Lopez,8154247431,"PSC 3810, Box 9990 APO AP 37824",+48 535 590 278,marysmith@example.org
75,75,Gregory Williams,3595131231,"513 Smith Crest Suite 806 Matthewchester, MO 06268",697 634 245,crawforddavid@example.com
76,76,Rachel Harper,6677945211,"56761 Alexandra Knolls Apt. 399 Douglasmouth, SC 8",512 166 182,qrogers@example.net
77,77,Katherine Moses,7285789781,"2230 Young Gateway Suite 108 Caseyport, UT 67222",573 584 328,soliscalvin@example.org
78,78,Rachel Melendez,9006375591,"049 Adam Wells Pamelahaven, FL 78736",+48 690 198 397,benjaminmatthew@example.com
79,79,Sarah Cunningham,5811928621,"828 Glenn Mill Apt. 160 Lopezville, MH 81989",796 456 074,juanmartin@example.net
80,80,Jessica Pitts,8964040891,"009 Stone Oval Suite 944 North Aaronland, IN 00781",+48 885 800 015,ashley16@example.org
81,81,Savannah Johnson,6396343791,"599 Julie Lodge Suite 872 Kelseyview, MI 46195",+48 603 171 680,msnyder@example.net
82,82,Donna Bell,7361744891,"667 Ashley Springs Suite 883 New Richard, MD 67508",664 038 367,nicole13@example.net
83,83,Lauren Hendrix,3020753131,"PSC 1291, Box 8502 APO AE 56940",+48 578 658 751,cobbmelinda@example.com
84,84,Ronald Gomez,2874962571,"08751 Moore Burg Suite 235 Sweeneyhaven, NH 39937",516 018 784,ejohnson@example.net
85,85,Derek Vasquez,4479561151,"44672 Lawrence Gardens Suite 555 Lake Charles, AS ",+48 787 214 691,malonediana@example.net
86,86,Frank Lawson,4547256901,"055 Taylor Rapids Suite 158 Turnerchester, VT 6609",22 166 08 04,emily37@example.com
87,87,David Carlson,7625033961,"082 Karen Wall Suite 548 West Richard, AK 69660",724 757 481,gregorysherman@example.com
88,88,Pamela Johnson,9474055791,"870 Allen Burgs Port Aaron, MI 18160",+48 796 316 857,jennifersimmons@example.com
89,89,Allen Adkins,1748658241,"11531 Tiffany Stravenue Suite 258 Johnfort, PR 584",660 824 525,dcampbell@example.com
90,90,Robert Stanton,2969819881,"917 Jessica Lights Suite 336 Port Shane, AR 33940",+48 798 335 519,sharon99@example.org
91,91,Paige Ryan,8494691481,"PSC 2600, Box 9140 APO AA 33851",663 524 672,sara50@example.net
92,92,Teresa Clark,4845955111,Unit 3693 Box 7040 DPO AP 79355,692 885 614,fmoore@example.org
93,93,Alexander Johnson,9730492351,"946 Sheila Prairie Georgehaven, NV 41855",504 890 929,ritajohnson@example.org
94,94,Steven Dixon,5110223681,"80246 Yang Streets Suite 836 North Christina, NY 5",507 513 551,mikebrown@example.com
95,95,Denise Burns,1551217731,"988 Mary Ramp Suite 764 New Markbury, GU 57904",32 097 71 95,cartercathy@example.net
96,96,Catherine Ellis,3037960311,Unit 9998 Box 6570 DPO AP 82868,724 044 627,millerjack@example.net
97,97,John Robertson,3403441651,"2508 Jeffrey Circles Suite 904 Port Arthurfort, MO",+48 720 668 354,patrick40@example.org
98,98,Karen Castro,6749405381,Unit 9617 Box 7829 DPO AP 57048,32 193 97 63,qwright@example.net
99,99,Paul Yoder,2447026441,"19886 Christy Flats Suite 096 Jerryberg, WV 64371",792 661 275,janice42@example.org
,,,1640465431,,,
,,,2743508161,,,
,,,2496666941,,,
,,,8059301591,,,
,,,6351049481,,,
,,,4277978811,,,
,,,7984017261,,,
,,,3718030121,,,
,,,3780747291,,,
,,,9355554441,,,
,,,1449853401,,,
,,,2741045871,,,
,,,9893177931,,,
,,,4126702291,,,
,,,2668106471,,,
,,,1608770721,,,
,,,6583689431,,,
,,,5421554091,,,
,,,2522492881,,,
,,,9939419441,,,
,,,6178727671,,,
,,,7539279901,,,
,,,9262948271,,,
,,,3615692991,,,
,,,1633268581,,,
,,,5247501541,,,
,,,1877238891,,,
,,,6860346161,,,
,,,9951590671,,,
,,,9735945661,,,
,,,1932282201,,,
,,,7233105351,,,
,,,3201379861,,,
,,,6368635351,,,
,,,4285332111,,,
,,,1478093981,,,
,,,6707254851,,,
,,,8953877911,,,
,,,4794599641,,,
,,,3822597391,,,
