client_id,user_id,name,address,phone_number,email
0,130,Kristin Long,"1019 Williams Mews Apt. 266 East Haileyside, AK 34",729 455 648,cassandrasummers@example.com
1,131,Andrea Carroll,"22480 Lori Court Dustinside, LA 48184",+48 662 822 957,robin10@example.com
2,132,Keith Graham,"94976 Steven Road Suite 341 West Patricia, TN 0251",734 523 379,hughescarol@example.com
3,133,Mary Ford,"17832 Green Walks Apt. 017 North Diamondside, CA 8",+48 22 152 53 70,jameschen@example.net
4,134,Kevin Kelly,"99231 Kelley Stravenue Apt. 634 Seantown, ID 27047",534 486 656,fhayes@example.org
5,135,Barbara Morgan,Unit 5468 Box 5296 DPO AE 91593,+48 662 201 329,sharon66@example.org
6,136,Kimberly Gallegos DDS,"92576 Little Inlet Suite 834 Lake Bethanyberg, NH ",514 881 044,pmoore@example.com
7,137,Phillip Vasquez,"76133 Keller Knolls Suite 385 Bentonshire, CA 5245",575 940 937,dawn03@example.org
8,138,Hunter Hill,"94971 Kimberly Crescent Hernandezport, CT 58835",+48 798 875 133,rmiller@example.com
9,139,Marc Williams,USCGC Miller FPO AE 95842,+48 575 440 373,carrie84@example.com
